date,dive_site,sd,depth_start,depth_end,temperature_c,si,sa,rb,rk,al_tf,al_fma,al_cca,al_pac,sp_rp,sp_ba,sp_gb,sp_en,sp_tb,sp_ag,co_ma,co_le,co_br,co_mb,co_fl,co_so,co_di,oc,bc,fc,an,cm,tu,bcm,unknown,total_data_points,missing_points,abiotic,algae,sponge,coral,other,abiotic_prop,algae_prop,sponge_prop,coral_prop,other_prop
2023-07-18T00:00:00Z,Buoy Line,7.42,12,12.7,29,0,57,3,2,6,0,4,0,0,4,5,22,4,0,0,12,0,0,0,0,0,0,0,0,0,0,0,0,1,120,1,62,10,35,12,1,0.5166666666666667,0.08333333333333333,0.2916666666666667,0.1,0.008333333333333333
2023-07-19T00:00:00Z,Casablanca,9.02,7.5,11.4,29,0,41,12,0,6,0,10,0,8,0,1,15,3,0,9,4,0,5,1,0,0,5,0,0,0,0,0,0,0,120,0,58,16,27,19,0,0.48333333333333334,0.13333333333333333,0.225,0.15833333333333333,0
2023-07-19T00:00:00Z,Casablanca,9.02,7.5,11.4,29,0,41,12,0,6,0,10,0,8,0,1,15,3,0,9,4,0,5,1,0,0,5,0,0,0,0,0,0,0,120,0,58,16,27,19,0,0.48333333333333334,0.13333333333333333,0.225,0.15833333333333333,0
2023-07-19T00:00:00Z,Grandmas Garden,6.48,7.2,9.5,29,0,26,26,1,3,0,10,0,13,0,1,14,12,0,9,0,0,2,0,0,0,2,0,0,0,0,0,0,1,120,1,55,13,40,11,1,0.4583333333333333,0.10833333333333334,0.3333333333333333,0.09166666666666666,0.008333333333333333
2023-07-19T00:00:00Z,Grandmas Garden,6.48,7.2,9.5,29,0,26,26,1,3,0,10,0,13,0,1,14,12,0,9,0,0,2,0,0,0,2,0,0,0,0,0,0,1,120,1,55,13,40,11,1,0.4583333333333333,0.10833333333333334,0.3333333333333333,0.09166666666666666,0.008333333333333333
2023-07-20T00:00:00Z,Casablanca,7.55,7.5,15.3,29,0,39,10,1,7,0,13,0,5,0,5,15,5,0,3,0,0,0,0,0,0,0,0,0,0,0,1,16,0,120,0,67,20,30,3,0,0.5583333333333333,0.16666666666666666,0.25,0.025,0
2023-07-20T00:00:00Z,Grandmas Garden,8.73,7.4,3.5,29,0,36,29,0,2,0,2,0,13,1,2,24,8,0,2,0,0,0,1,0,0,0,0,0,0,0,0,0,0,120,0,65,4,48,3,0,0.5416666666666666,0.03333333333333333,0.4,0.025,0
2023-07-20T00:00:00Z,Grandmas Garden,8.73,7.4,3.5,29,0,36,29,0,2,0,2,0,13,1,2,24,8,0,2,0,0,0,1,0,0,0,0,0,0,0,0,0,0,120,0,65,4,48,3,0,0.5416666666666666,0.03333333333333333,0.4,0.025,0
2023-07-21T00:00:00Z,Casablanca,8.57,13.9,12.5,29,0,52,0,0,8,0,8,0,1,0,2,19,1,0,3,0,0,0,0,1,0,0,0,0,0,0,0,25,0,120,0,77,16,23,4,0,0.6416666666666667,0.13333333333333333,0.19166666666666668,0.03333333333333333,0
2023-07-21T00:00:00Z,Grandmas Garden,8.17,8.7,9.4,29,0,55,4,6,10,0,12,0,3,0,0,14,2,0,9,0,0,0,0,0,0,1,0,0,0,1,0,2,1,120,1,69,22,19,9,1,0.575,0.18333333333333332,0.15833333333333333,0.075,0.008333333333333333
2023-07-21T00:00:00Z,Grandmas Garden,8.17,8.7,9.4,29,0,55,4,6,10,0,12,0,3,0,0,14,2,0,9,0,0,0,0,0,0,1,0,0,0,0,1,0,3,120,3,67,22,19,9,3,0.5583333333333333,0.18333333333333332,0.15833333333333333,0.075,0.025
2023-07-24T00:00:00Z,Grandmas Garden,10.19,9.1,7.9,29,0,33,17,10,5,0,8,9,13,0,3,10,1,0,9,0,0,0,0,0,0,2,0,0,0,0,0,0,0,120,0,62,22,27,9,0,0.5166666666666667,0.18333333333333332,0.225,0.075,0
2023-07-24T00:00:00Z,Grandmas Garden,10.19,9.1,7.9,29,0,33,17,10,5,0,8,9,13,0,3,10,1,0,9,0,0,0,0,0,0,2,0,0,0,0,0,0,0,120,0,62,22,27,9,0,0.5166666666666667,0.18333333333333332,0.225,0.075,0
2023-07-24T00:00:00Z,Pandora,12.79,13.4,12.6,30,0,66,4,0,9,0,6,0,5,0,2,9,5,0,3,5,0,4,0,0,0,2,0,0,0,0,0,0,0,120,0,72,15,21,12,0,0.6,0.125,0.175,0.1,0
2023-07-24T00:00:00Z,Pandora,12.79,13.4,12.6,30,0,66,4,0,9,0,6,0,5,0,2,9,5,0,3,5,0,4,0,0,0,2,0,0,0,0,0,0,0,120,0,72,15,21,12,0,0.6,0.125,0.175,0.1,0
2023-07-25T00:00:00Z,Casablanca,9.2,5.4,5.1,28,1,34,18,2,4,0,0,0,14,0,0,3,2,0,7,0,0,0,0,0,0,33,0,2,0,0,0,0,0,120,0,90,4,19,7,0,0.75,0.03333333333333333,0.15833333333333333,0.058333333333333334,0
2023-07-25T00:00:00Z,Casablanca,9.2,5.4,5.1,28,1,34,18,2,4,0,0,0,14,0,0,3,2,0,7,0,0,0,0,0,0,33,0,2,0,0,0,0,0,120,0,90,4,19,7,0,0.75,0.03333333333333333,0.15833333333333333,0.058333333333333334,0
2023-07-25T00:00:00Z,Grandmas Garden,11.6,3.3,3.1,28,0,51,6,5,10,0,4,0,11,0,0,2,0,0,13,1,0,0,0,0,0,16,0,1,0,0,0,0,0,120,0,79,14,13,14,0,0.6583333333333333,0.11666666666666667,0.10833333333333334,0.11666666666666667,0
2023-07-25T00:00:00Z,Grandmas Garden,11.6,3.3,3.1,28,0,51,6,5,10,0,4,0,11,0,0,2,0,0,13,1,0,0,0,0,0,16,0,1,0,0,0,0,0,120,0,79,14,13,14,0,0.6583333333333333,0.11666666666666667,0.10833333333333334,0.11666666666666667,0
2023-07-25T00:00:00Z,Grandmas Garden,6.55,8.5,8.8,28,0,36,19,9,3,0,3,3,12,1,0,7,2,0,21,0,0,1,0,0,0,0,0,0,0,0,1,0,2,120,2,65,9,22,22,2,0.5416666666666666,0.075,0.18333333333333332,0.18333333333333332,0.016666666666666666
2023-07-25T00:00:00Z,Pandora,8.24,13.5,13,28,0,39,18,6,10,0,6,0,7,0,0,11,1,0,5,15,0,0,0,0,0,2,0,0,0,0,0,0,0,120,0,65,16,19,20,0,0.5416666666666666,0.13333333333333333,0.15833333333333333,0.16666666666666666,0
2023-07-25T00:00:00Z,Pandora,8.24,13.5,13,28,0,39,18,6,10,0,6,0,7,0,0,11,1,0,5,15,0,0,0,0,0,2,0,0,0,0,0,0,0,120,0,65,16,19,20,0,0.5416666666666666,0.13333333333333333,0.15833333333333333,0.16666666666666666,0
2023-07-26T00:00:00Z,Buoy Line,12.5,12,12.7,28,0,69,0,0,9,0,0,0,15,6,2,12,3,0,1,3,0,0,0,0,0,0,0,0,0,0,0,0,0,120,0,69,9,38,4,0,0.575,0.075,0.31666666666666665,0.03333333333333333,0
2023-07-26T00:00:00Z,Buoy Line,12.5,12,12.7,28,0,69,0,0,9,0,0,0,15,6,2,12,3,0,1,3,0,0,0,0,0,0,0,0,0,0,0,0,0,120,0,69,9,38,4,0,0.575,0.075,0.31666666666666665,0.03333333333333333,0
2023-07-26T00:00:00Z,Manuels Wall,13.02,11.8,10.5,28,0,35,13,0,16,0,0,0,25,0,3,20,3,0,4,0,0,0,0,0,0,1,0,0,0,0,0,0,0,120,0,49,16,51,4,0,0.4083333333333333,0.13333333333333333,0.425,0.03333333333333333,0
2023-07-26T00:00:00Z,Manuels Wall,13.02,11.8,10.5,28,0,35,13,0,16,0,0,0,25,0,3,20,3,0,4,0,0,0,0,0,0,1,0,0,0,0,0,0,0,120,0,49,16,51,4,0,0.4083333333333333,0.13333333333333333,0.425,0.03333333333333333,0
2023-07-27T00:00:00Z,Casablanca,7.68,13.5,12.1,28,0,51,0,4,9,0,15,5,8,1,2,12,1,0,3,0,0,0,0,0,0,0,0,0,0,0,0,9,0,120,0,64,29,24,3,0,0.5333333333333333,0.24166666666666667,0.2,0.025,0
2023-07-28T00:00:00Z,Pandora,13.49,15.1,14.6,30,0,67,3,0,7,0,5,7,11,0,4,9,2,0,2,3,0,0,0,0,0,0,0,0,0,0,0,0,0,120,0,70,19,26,5,0,0.5833333333333334,0.15833333333333333,0.21666666666666667,0.041666666666666664,0
2023-07-28T00:00:00Z,Pandora,13.49,15.1,14.6,30,0,67,3,0,7,0,5,7,11,0,4,9,2,0,2,3,0,0,0,0,0,0,0,0,0,0,0,0,0,120,0,70,19,26,5,0,0.5833333333333334,0.15833333333333333,0.21666666666666667,0.041666666666666664,0
2023-07-31T00:00:00Z,Grandmas Garden,10.28,9.1,9.1,29,37,0,9,15,9,0,11,8,9,0,1,8,1,0,12,0,0,0,0,0,0,0,0,0,0,0,0,0,0,120,0,61,28,19,12,0,0.5083333333333333,0.23333333333333334,0.15833333333333333,0.1,0
2023-07-31T00:00:00Z,Grandmas Garden,10.28,9.1,9.1,29,37,0,9,15,9,0,11,8,9,0,1,8,1,0,12,0,0,0,0,0,0,0,0,0,0,0,0,0,0,120,0,61,28,19,12,0,0.5083333333333333,0.23333333333333334,0.15833333333333333,0.1,0
2023-07-31T00:00:00Z,Pandora,11.12,10.9,10.1,29,0,53,18,7,10,0,8,0,7,2,1,4,2,0,8,0,0,0,0,0,0,0,0,0,0,0,0,0,0,120,0,78,18,16,8,0,0.65,0.15,0.13333333333333333,0.06666666666666667,0
2023-07-31T00:00:00Z,Pandora,11.12,10.9,10.1,29,0,53,18,7,10,0,8,0,7,2,1,4,2,0,8,0,0,0,0,0,0,0,0,0,0,0,0,0,0,120,0,78,18,16,8,0,0.65,0.15,0.13333333333333333,0.06666666666666667,0
2023-08-01T00:00:00Z,Casablanca,10.08,7.2,10.3,30,30,0,19,14,14,0,10,8,8,0,0,10,3,0,3,1,0,0,0,0,0,0,0,0,0,0,0,0,0,120,0,63,32,21,4,0,0.525,0.26666666666666666,0.175,0.03333333333333333,0
2023-08-01T00:00:00Z,Casablanca,10.08,7.2,10.3,30,30,0,19,14,14,0,10,8,8,0,0,10,3,0,3,1,0,0,0,0,0,0,0,0,0,0,0,0,0,120,0,63,32,21,4,0,0.525,0.26666666666666666,0.175,0.03333333333333333,0
2023-08-02T00:00:00Z,Buoy Line,12.76,7.1,NA,30,0,65,7,2,6,0,1,1,18,6,1,5,1,0,6,0,0,0,0,0,0,0,0,0,0,0,0,1,0,120,0,75,8,31,6,0,0.625,0.06666666666666667,0.25833333333333336,0.05,0
2023-08-02T00:00:00Z,Buoy Line,12.76,7.1,NA,30,0,65,7,2,6,0,1,1,18,6,1,5,1,0,6,0,0,0,0,0,0,0,0,0,0,0,0,0,1,120,1,74,8,31,6,1,0.6166666666666667,0.06666666666666667,0.25833333333333336,0.05,0.008333333333333333
2023-08-03T00:00:00Z,Pandora,17.8,12,12.2,30.9,0,36,3,1,10,0,13,1,11,10,3,9,0,0,4,17,1,0,0,0,0,0,0,0,0,0,0,0,1,120,1,40,24,33,22,1,0.3333333333333333,0.2,0.275,0.18333333333333332,0.008333333333333333
2023-08-03T00:00:00Z,Pandora,17.8,12,12.2,30.9,0,36,3,1,10,0,13,1,11,10,3,9,0,0,4,17,1,0,0,0,0,0,0,0,0,0,0,0,1,120,1,40,24,33,22,1,0.3333333333333333,0.2,0.275,0.18333333333333332,0.008333333333333333
2023-11-22T00:00:00Z,Casablanca,10.2,10.4,11.2,29,0,37,17,0,25,0,0,7,7,0,0,11,0,0,4,1,0,0,0,0,0,0,10,0,0,0,1,0,0,120,0,65,32,18,5,0,0.5416666666666666,0.26666666666666666,0.15,0.041666666666666664,0
2023-11-22T00:00:00Z,Casablanca,10.8,8.2,9.4,29,0,19,25,0,20,0,0,4,19,0,0,13,3,0,5,2,0,0,0,0,0,4,4,0,0,0,2,0,0,120,0,54,24,35,7,0,0.45,0.2,0.2916666666666667,0.058333333333333334,0
2023-11-22T00:00:00Z,Casablanca,10.2,10.4,11.2,29,0,37,17,0,25,0,0,7,7,0,0,11,0,0,4,1,0,0,0,0,0,0,10,0,0,0,0,1,0,120,0,65,32,18,5,0,0.5416666666666666,0.26666666666666666,0.15,0.041666666666666664,0
2023-11-22T00:00:00Z,Casablanca,10.8,8.2,9.4,29,0,19,25,0,20,0,0,4,19,0,0,13,3,0,5,2,0,0,0,0,0,4,4,0,0,0,0,2,0,120,0,54,24,35,7,0,0.45,0.2,0.2916666666666667,0.058333333333333334,0
2023-12-05T00:00:00Z,Casablanca,13.2,6.6,6.8,29,2,24,14,2,12,0,0,0,9,0,12,8,3,2,11,2,0,4,0,0,0,6,0,0,0,1,0,0,8,120,0,49,12,34,17,8,0.4083333333333333,0.1,0.2833333333333333,0.14166666666666666,0.06666666666666667
2023-12-07T00:00:00Z,Casablanca,9.7,14,13,29,0,59,0,0,14,0,13,3,8,0,0,13,1,0,5,0,0,0,0,0,2,0,0,0,0,0,0,0,2,120,2,59,30,22,7,2,0.49166666666666664,0.25,0.18333333333333332,0.058333333333333334,0.016666666666666666
2023-12-07T00:00:00Z,Casablanca,9.7,14,13,29,0,59,0,0,14,0,13,3,8,0,0,13,1,0,5,0,0,0,0,0,0,0,0,0,0,0,0,0,4,120,4,59,30,22,5,4,0.49166666666666664,0.25,0.18333333333333332,0.041666666666666664,0.03333333333333333
2023-12-07T00:00:00Z,Grandmas Garden,9.4,3,3,29,0,49,7,1,5,0,0,0,12,0,1,2,3,0,17,0,0,1,2,0,0,19,0,0,0,1,0,0,0,120,0,77,5,18,20,0,0.6416666666666667,0.041666666666666664,0.15,0.16666666666666666,0
2023-12-07T00:00:00Z,Grandmas Garden,9.4,3,3,29,0,49,7,1,5,0,0,0,12,0,1,2,3,0,17,0,0,1,2,0,0,19,0,0,0,0,1,0,0,120,0,77,5,18,20,0,0.6416666666666667,0.041666666666666664,0.15,0.16666666666666666,0
2023-12-08T00:00:00Z,Casablanca,15.1,10.2,10.6,29,0,43,7,0,21,0,4,1,19,0,2,15,2,0,2,3,0,0,0,0,0,0,0,0,0,1,0,0,0,120,0,51,26,38,5,0,0.425,0.21666666666666667,0.31666666666666665,0.041666666666666664,0
2023-12-08T00:00:00Z,Casablanca,15.1,10.2,10.6,29,0,43,7,0,21,0,4,1,19,0,2,15,2,0,2,3,0,0,0,0,0,0,0,0,0,0,1,0,0,120,0,51,26,38,5,0,0.425,0.21666666666666667,0.31666666666666665,0.041666666666666664,0
2023-12-12T00:00:00Z,Casablanca,NA,6.6,5,30,0,33,17,1,10,1,0,0,20,1,10,2,6,2,0,0,0,0,0,0,0,12,2,0,0,0,0,0,3,120,2,65,11,41,0,3,0.5416666666666666,0.09166666666666666,0.3416666666666667,0,0.025
2023-12-12T00:00:00Z,Casablanca,NA,6.6,5,30,0,33,17,1,10,1,0,0,20,1,10,2,6,2,0,0,0,0,0,0,0,12,2,0,0,0,0,0,1,120,1,65,11,41,0,1,0.5416666666666666,0.09166666666666666,0.3416666666666667,0,0.008333333333333333
2023-12-13T00:00:00Z,Pandora,NA,12,12.3,30,0,12,12,0,25,0,0,3,11,0,4,4,0,2,4,12,0,0,0,0,0,0,19,0,0,0,0,0,2,120,2,43,28,21,16,2,0.35833333333333334,0.23333333333333334,0.175,0.13333333333333333,0.016666666666666666
2023-12-19T00:00:00Z,Casablanca,9.2,NA,NA,29,0,57,5,4,0,0,0,0,33,0,1,4,7,0,1,0,0,0,0,0,0,8,0,0,0,0,0,0,0,120,0,74,0,45,1,0,0.6166666666666667,0,0.375,0.008333333333333333,0
2023-12-19T00:00:00Z,Casablanca,9.2,NA,NA,29,0,57,5,4,0,0,0,0,33,0,1,4,7,0,1,0,0,0,0,0,0,8,0,0,0,0,0,0,0,120,0,74,0,45,1,0,0.6166666666666667,0,0.375,0.008333333333333333,0
2023-12-27T00:00:00Z,Grandmas Garden,12.3,3.3,2.7,29,0,30,5,5,15,0,2,0,10,0,1,6,5,0,12,4,0,0,0,0,0,15,0,9,1,0,0,0,0,120,0,65,17,22,16,0,0.5416666666666666,0.14166666666666666,0.18333333333333332,0.13333333333333333,0
2023-12-27T00:00:00Z,Grandmas Garden,12.3,3.3,2.7,29,0,30,5,5,15,0,2,0,10,0,1,6,5,0,12,4,0,0,0,0,0,15,0,9,1,0,0,0,0,120,0,65,17,22,16,0,0.5416666666666666,0.14166666666666666,0.18333333333333332,0.13333333333333333,0
2023-12-28T00:00:00Z,Buoy Line,9,12.3,12.9,29,0,56,5,0,41,0,0,0,3,0,1,9,3,0,1,1,0,0,0,0,0,0,0,0,0,0,0,0,0,120,0,61,41,16,2,0,0.5083333333333333,0.3416666666666667,0.13333333333333333,0.016666666666666666,0
2023-12-28T00:00:00Z,Buoy Line,9,12.3,12.9,29,0,56,5,0,41,0,0,0,3,0,1,9,3,0,1,1,0,0,0,0,0,0,0,0,0,0,0,0,0,120,0,61,41,16,2,0,0.5083333333333333,0.3416666666666667,0.13333333333333333,0.016666666666666666,0
2023-12-28T00:00:00Z,Manuels Wall,9,10.9,13.1,29,0,29,7,1,21,0,1,0,43,0,1,3,5,0,1,1,0,0,0,0,0,1,0,0,0,0,0,4,2,120,2,42,22,52,2,2,0.35,0.18333333333333332,0.43333333333333335,0.016666666666666666,0.016666666666666666
2023-12-29T00:00:00Z,Casablanca,11.9,8.1,7.7,29,0,15,16,22,19,0,0,0,25,0,2,7,4,0,10,0,0,0,0,0,0,0,0,0,0,0,0,0,0,120,0,53,19,38,10,0,0.44166666666666665,0.15833333333333333,0.31666666666666665,0.08333333333333333,0
2023-12-29T00:00:00Z,Casablanca,11.9,8.1,7.7,29,0,15,16,22,19,0,0,0,25,0,2,7,4,0,10,0,0,0,0,0,0,0,0,0,0,0,0,0,0,120,0,53,19,38,10,0,0.44166666666666665,0.15833333333333333,0.31666666666666665,0.08333333333333333,0
2024-01-01T00:00:00Z,Buoy Line,14.9,11.9,14.2,29,0,83,1,0,9,0,0,0,13,4,0,4,0,0,2,0,0,0,0,0,0,0,0,0,0,0,0,4,0,120,0,88,9,21,2,0,0.7333333333333333,0.075,0.175,0.016666666666666666,0
2024-01-01T00:00:00Z,Buoy Line,14.9,11.9,14.2,29,0,83,1,0,9,0,0,0,13,4,0,4,0,0,2,0,0,0,0,0,0,0,0,0,0,0,0,0,4,120,4,84,9,21,2,4,0.7,0.075,0.175,0.016666666666666666,0.03333333333333333
2024-01-01T00:00:00Z,Casablanca,14.8,9.1,8.2,29,0,18,16,4,45,0,7,0,17,0,0,4,4,0,5,0,0,0,0,0,0,0,0,0,0,0,0,0,0,120,0,38,52,25,5,0,0.31666666666666665,0.43333333333333335,0.20833333333333334,0.041666666666666664,0
2024-01-01T00:00:00Z,Casablanca,14.8,9.1,8.2,29,0,18,16,4,45,0,7,0,17,0,0,4,4,0,5,0,0,0,0,0,0,0,0,0,0,0,0,0,0,120,0,38,52,25,5,0,0.31666666666666665,0.43333333333333335,0.20833333333333334,0.041666666666666664,0
2024-01-02T00:00:00Z,Grandmas Garden,16.8,9.3,13.6,29,0,18,2,15,36,0,11,0,6,0,2,15,0,0,15,0,0,0,0,0,0,0,0,0,0,0,0,0,0,120,0,35,47,23,15,0,0.2916666666666667,0.39166666666666666,0.19166666666666668,0.125,0
2024-01-02T00:00:00Z,Grandmas Garden,16.8,9.3,13.6,29,0,18,2,15,36,0,11,0,6,0,2,15,0,0,15,0,0,0,0,0,0,0,0,0,0,0,0,0,0,120,0,35,47,23,15,0,0.2916666666666667,0.39166666666666666,0.19166666666666668,0.125,0
2024-01-02T00:00:00Z,Manuels Wall,15.8,15,16,29,0,39,8,0,22,0,1,0,19,0,2,12,6,0,4,1,0,0,0,0,0,1,3,0,0,0,0,2,0,120,0,53,23,39,5,0,0.44166666666666665,0.19166666666666668,0.325,0.041666666666666664,0
2024-01-02T00:00:00Z,Manuels Wall,15.8,15,16,29,0,39,8,0,22,0,1,0,19,0,2,12,6,0,4,1,0,0,0,0,0,1,3,0,0,0,0,0,2,120,2,51,23,39,5,2,0.425,0.19166666666666668,0.325,0.041666666666666664,0.016666666666666666
2024-01-03T00:00:00Z,Buoy Line,16.8,10.2,10.5,29,0,53,3,0,16,0,3,0,19,0,1,8,5,1,7,4,0,0,0,0,0,0,0,0,0,0,0,0,0,120,0,56,19,34,11,0,0.4666666666666667,0.15833333333333333,0.2833333333333333,0.09166666666666666,0
2024-01-03T00:00:00Z,Buoy Line,16.8,10.2,10.5,29,0,53,3,0,16,0,3,0,19,0,1,8,5,1,7,4,0,0,0,0,0,0,0,0,0,0,0,0,0,120,0,56,19,34,11,0,0.4666666666666667,0.15833333333333333,0.2833333333333333,0.09166666666666666,0
2024-01-03T00:00:00Z,Pandora,15.7,12.2,18.2,29,0,57,6,0,21,0,5,0,5,0,0,11,3,3,3,5,0,0,0,0,0,0,0,0,0,0,0,1,0,120,0,64,26,22,8,0,0.5333333333333333,0.21666666666666667,0.18333333333333332,0.06666666666666667,0
2024-01-03T00:00:00Z,Pandora,15.7,12.2,18.2,29,0,57,6,0,21,0,5,0,5,0,0,11,3,3,3,5,0,0,0,0,0,0,0,0,0,0,0,0,1,120,1,63,26,22,8,1,0.525,0.21666666666666667,0.18333333333333332,0.06666666666666667,0.008333333333333333
2024-01-06T00:00:00Z,Casablanca,14.4,5.4,5.6,29,4,39,11,1,0,0,1,0,32,0,0,0,0,2,1,0,0,0,0,0,0,26,0,0,0,0,0,0,0,120,0,81,1,34,1,0,0.675,0.008333333333333333,0.2833333333333333,0.008333333333333333,0
2024-01-06T00:00:00Z,Casablanca,9.2,6.8,5.7,29,1,32,9,3,4,0,0,0,28,2,0,2,2,2,1,0,0,0,0,0,0,32,0,0,0,0,0,0,0,120,0,77,4,36,1,0,0.6416666666666667,0.03333333333333333,0.3,0.008333333333333333,0
2024-01-08T00:00:00Z,Casablanca,11.3,11.9,10.1,29,6,23,22,2,0,0,7,5,30,0,2,10,1,4,3,2,0,0,1,0,0,0,0,0,0,1,0,0,0,120,0,54,12,47,6,0,0.45,0.1,0.39166666666666666,0.05,0
2024-01-08T00:00:00Z,Pandora,17.5,11.8,11.7,29,0,62,10,3,9,0,6,0,20,0,0,3,0,1,3,2,0,0,0,0,0,0,0,0,0,0,0,0,0,120,0,75,15,24,5,0,0.625,0.125,0.2,0.041666666666666664,0
2024-01-09T00:00:00Z,Buoy Line,11,9.5,11.5,29,0,45,13,2,5,0,1,1,28,7,0,2,0,4,4,2,0,0,0,0,0,5,0,0,0,0,0,0,0,120,0,65,7,41,6,0,0.5416666666666666,0.058333333333333334,0.3416666666666667,0.05,0
2024-01-09T00:00:00Z,Grandmas Garden,18,9.5,9.5,29,0,27,19,15,17,0,3,8,17,0,0,0,0,4,7,0,0,0,0,0,0,0,0,0,0,2,0,0,1,120,0,63,28,21,7,1,0.525,0.23333333333333334,0.175,0.058333333333333334,0.008333333333333333
2024-01-10T00:00:00Z,Buoy Line,4.2,10.5,11.1,29,41,6,19,0,9,0,3,2,18,3,0,5,2,3,5,3,0,0,0,0,0,0,0,0,0,0,0,0,0,120,0,66,14,31,8,0,0.55,0.11666666666666667,0.25833333333333336,0.06666666666666667,0
2024-01-10T00:00:00Z,Pandora,16,12.6,15,29,34,11,9,0,19,0,13,3,17,0,1,2,0,0,2,9,0,0,0,0,0,0,0,0,0,0,0,0,0,120,0,54,35,20,11,0,0.45,0.2916666666666667,0.16666666666666666,0.09166666666666666,0
2024-01-12T00:00:00Z,Buoy Line,8.5,10.8,10,29,12,46,10,6,3,0,5,1,12,1,1,5,0,3,10,0,0,0,1,0,0,0,0,1,0,0,0,0,0,120,0,75,9,22,11,0,0.625,0.075,0.18333333333333332,0.09166666666666666,0
2024-01-12T00:00:00Z,Grandmas Garden,9.7,9.1,10.7,29,5,3,45,7,10,0,3,1,20,0,2,15,0,1,8,0,0,0,0,0,0,0,0,0,0,0,0,0,0,120,0,60,14,38,8,0,0.5,0.11666666666666667,0.31666666666666665,0.06666666666666667,0
2024-01-26T00:00:00Z,Grandmas Garden,12,7.9,9.3,28,11,8,43,2,21,0,2,1,4,0,1,9,2,3,5,1,0,0,0,1,0,0,0,0,0,0,3,0,0,120,0,67,24,19,7,0,0.5583333333333333,0.2,0.15833333333333333,0.058333333333333334,0
2024-01-29T00:00:00Z,Manuels Wall,13.5,11.9,11.9,28,0,51,5,3,3,0,1,0,31,6,3,7,0,0,2,0,0,0,0,0,0,1,0,0,0,0,7,0,0,120,0,67,4,47,2,0,0.5583333333333333,0.03333333333333333,0.39166666666666666,0.016666666666666666,0
2024-01-30T00:00:00Z,Grandmas Garden,15,2.8,2.8,28,16,19,23,8,15,0,1,0,7,0,0,7,0,0,8,2,0,0,1,1,0,4,0,2,0,0,6,0,0,120,0,78,16,14,12,0,0.65,0.13333333333333333,0.11666666666666667,0.1,0
2024-01-30T00:00:00Z,Pandora,9.5,12.2,13.1,28,1,34,7,1,30,1,9,3,10,0,2,12,0,0,3,5,0,0,0,0,0,0,0,0,0,0,2,0,0,120,0,45,43,24,8,0,0.375,0.35833333333333334,0.2,0.06666666666666667,0
2024-01-31T00:00:00Z,Casablanca,13,4.6,6.7,28,4,6,30,0,38,0,0,0,18,0,0,12,0,0,2,3,0,0,0,0,0,1,0,0,0,0,6,0,0,120,0,47,38,30,5,0,0.39166666666666666,0.31666666666666665,0.25,0.041666666666666664,0
2024-01-31T00:00:00Z,Casablanca,14,5.5,7,28,0,65,14,2,8,1,1,0,19,0,1,1,0,0,1,0,0,0,0,0,0,1,0,0,0,0,6,0,0,120,0,88,10,21,1,0,0.7333333333333333,0.08333333333333333,0.175,0.008333333333333333,0
2024-02-01T00:00:00Z,Pandora,10,13.4,17,28,20,47,13,4,16,0,1,0,4,0,2,8,1,0,1,0,0,0,0,0,0,0,1,0,0,0,2,0,0,120,0,87,17,15,1,0,0.725,0.14166666666666666,0.125,0.008333333333333333,0
2024-02-02T00:00:00Z,Casablanca,9,4.6,5.2,28,2,36,20,2,13,0,0,1,15,0,0,10,2,0,5,3,0,1,0,0,0,4,0,0,0,0,5,0,0,120,0,69,14,27,9,0,0.575,0.11666666666666667,0.225,0.075,0
2024-02-02T00:00:00Z,Casablanca,8.5,6.4,7.3,28,18,15,18,1,28,0,3,0,12,0,2,9,2,0,7,0,0,0,0,0,0,3,0,0,0,0,0,0,0,120,0,55,31,25,7,0,0.4583333333333333,0.25833333333333336,0.20833333333333334,0.058333333333333334,0
2024-02-07T00:00:00Z,Casablanca,8.5,5.8,6.4,24,10,27,26,4,21,0,3,0,6,0,1,8,2,1,9,0,0,0,0,0,0,0,0,0,0,0,2,0,0,120,0,69,24,18,9,0,0.575,0.2,0.15,0.075,0
2024-02-07T00:00:00Z,Casablanca,7,9.1,9.5,24,25,2,13,2,32,0,7,0,12,0,1,13,0,0,9,1,0,1,1,1,0,0,0,0,0,0,0,0,0,120,0,42,39,26,13,0,0.35,0.325,0.21666666666666667,0.10833333333333334,0
2024-02-08T00:00:00Z,Grandmas Garden,9.2,5.5,7,24,3,7,26,1,20,0,1,0,22,0,4,17,3,0,7,0,0,1,0,0,0,0,0,0,0,0,8,0,0,120,0,45,21,46,8,0,0.375,0.175,0.38333333333333336,0.06666666666666667,0
2024-02-08T00:00:00Z,Pandora,6,11.3,11.6,24,4,30,14,6,17,0,12,2,8,0,4,10,1,0,1,8,0,2,0,0,0,0,0,0,0,0,1,0,0,120,0,55,31,23,11,0,0.4583333333333333,0.25833333333333336,0.19166666666666668,0.09166666666666666,0
2024-02-09T00:00:00Z,Grandmas Garden,8.6,11,11.3,24,22,0,15,8,15,0,10,12,8,0,4,10,0,0,12,2,0,0,1,0,0,0,0,0,0,0,0,0,0,120,0,45,37,22,15,0,0.375,0.30833333333333335,0.18333333333333332,0.125,0
2024-03-05T00:00:00Z,Buoy Line,16.6,12,12.1,30,0,81,2,1,7,1,0,1,13,1,2,5,0,2,2,1,0,0,0,0,0,0,0,0,0,0,1,0,0,120,0,85,9,23,3,0,0.7083333333333334,0.075,0.19166666666666668,0.025,0
2024-03-05T00:00:00Z,Pandora,18.6,11.5,11.2,29,0,61,12,2,10,0,9,2,5,0,0,9,0,0,1,2,0,0,1,0,0,4,0,0,0,0,1,1,0,120,0,81,21,14,4,0,0.675,0.175,0.11666666666666667,0.03333333333333333,0
2024-03-06T00:00:00Z,Casablanca,14.1,12.7,11.1,29,51,0,11,4,10,1,1,9,8,1,3,11,1,0,9,0,0,0,0,0,0,0,0,0,0,0,0,0,0,120,0,66,21,24,9,0,0.55,0.175,0.2,0.075,0
2024-03-06T00:00:00Z,Grandmas Garden,14.5,3.6,3.2,30,0,49,24,2,1,0,0,0,7,0,0,8,4,0,7,0,0,0,0,0,0,9,0,1,0,0,5,3,0,120,0,93,1,19,7,0,0.775,0.008333333333333333,0.15833333333333333,0.058333333333333334,0
2024-03-07T00:00:00Z,Buoy Line,14.07,10.4,12,30,0,80,4,4,2,0,0,2,8,1,1,5,1,1,3,3,0,0,1,0,0,0,0,0,0,0,4,0,0,120,0,92,4,17,7,0,0.7666666666666667,0.03333333333333333,0.14166666666666666,0.058333333333333334,0
2024-03-07T00:00:00Z,Manuels Wall,17.2,11.3,10.2,29,1,56,3,2,4,0,1,2,27,5,2,5,3,2,6,1,0,0,0,0,0,0,0,0,0,0,0,0,0,120,0,62,7,44,7,0,0.5166666666666667,0.058333333333333334,0.36666666666666664,0.058333333333333334,0
2024-03-08T00:00:00Z,Manuels Wall,12.3,11.1,10.6,29,0,39,11,3,5,0,0,0,25,1,1,21,5,0,3,2,0,0,1,0,0,3,0,0,0,0,0,0,0,120,0,56,5,53,6,0,0.4666666666666667,0.041666666666666664,0.44166666666666665,0.05,0
2024-05-29T00:00:00Z,Buoy Line,12.4,8.3,9.9,31,2,72,9,0,12,0,2,0,8,5,0,4,5,0,0,0,0,0,0,0,0,1,0,0,0,0,0,0,0,120,0,84,14,22,0,0,0.7,0.11666666666666667,0.18333333333333332,0,0
2024-06-13T00:00:00Z,Grandmas Garden,18.2,8.5,10.2,NA,6,12,37,7,10,0,1,2,14,0,15,3,0,1,6,0,0,0,1,0,0,0,0,0,0,0,1,0,4,120,0,63,13,33,7,4,0.525,0.10833333333333334,0.275,0.058333333333333334,0.03333333333333333
2024-06-13T00:00:00Z,Pandora,18.2,8.5,10.2,30,8,14,14,0,4,0,1,1,29,0,8,1,1,2,11,4,0,1,0,0,0,16,0,0,0,0,0,0,3,120,0,52,6,41,16,3,0.43333333333333335,0.05,0.3416666666666667,0.13333333333333333,0.025
2024-06-14T00:00:00Z,Casablanca,13.8,6.7,6.7,31,3,37,14,0,6,0,0,0,30,1,5,5,0,0,3,7,0,2,0,0,0,6,0,0,0,0,1,0,0,120,0,61,6,41,12,0,0.5083333333333333,0.05,0.3416666666666667,0.1,0
2024-06-14T00:00:00Z,Casablanca,11.9,6,6,31,8,14,14,0,4,0,1,1,29,0,8,1,1,2,11,4,0,1,0,0,0,16,0,0,0,0,0,0,3,120,0,52,6,41,16,3,0.43333333333333335,0.05,0.3416666666666667,0.13333333333333333,0.025
2024-06-14T00:00:00Z,Manuels Wall,14.1,10.1,14.6,31,5,52,6,0,8,0,0,0,29,2,4,3,0,1,1,0,0,0,1,0,0,0,0,0,0,0,3,0,4,120,0,66,8,39,2,4,0.55,0.06666666666666667,0.325,0.016666666666666666,0.03333333333333333
2024-06-14T00:00:00Z,Manuels Wall,13.3,10,9.6,31,5,28,12,1,11,0,0,0,28,3,15,3,0,2,8,0,1,0,1,0,0,2,0,0,0,0,0,0,0,120,0,48,11,51,10,0,0.4,0.09166666666666666,0.425,0.08333333333333333,0
2024-06-17T00:00:00Z,Casablanca,12,6.3,5.2,31,9,9,11,0,5,0,0,0,21,1,6,0,0,3,3,0,0,0,0,0,0,39,0,1,0,1,0,0,2,120,0,70,5,31,3,2,0.5833333333333334,0.041666666666666664,0.25833333333333336,0.025,0.016666666666666666
2024-06-17T00:00:00Z,Casablanca,12.1,6.8,6.6,31,2,51,4,0,3,0,0,0,22,0,23,0,0,0,2,0,0,1,0,0,0,2,0,0,0,0,7,0,2,120,2,66,3,45,3,2,0.55,0.025,0.375,0.025,0.016666666666666666
2024-06-18T00:00:00Z,Manuels Wall,15.4,11,10.5,31,13,13,14,3,6,0,0,1,37,1,6,5,3,2,10,0,0,0,0,0,0,0,0,0,0,0,4,0,1,120,1,47,7,54,10,1,0.39166666666666666,0.058333333333333334,0.45,0.08333333333333333,0.008333333333333333
2024-06-19T00:00:00Z,Buoy Line,14.2,9.1,9.6,31,14,18,15,0,8,0,0,0,28,9,2,0,2,1,6,2,1,0,0,0,0,0,0,0,0,0,12,1,1,120,0,60,8,42,9,1,0.5,0.06666666666666667,0.35,0.075,0.008333333333333333
2024-06-19T00:00:00Z,Pandora,15.5,12,12.4,31,17,8,15,0,17,0,0,1,22,1,1,2,0,4,12,13,0,0,0,0,1,0,0,1,0,0,1,0,3,120,1,42,18,30,26,3,0.35,0.15,0.25,0.21666666666666667,0.025
2024-06-20T00:00:00Z,Buoy Line,16.4,10.2,13,31,5,48,1,0,11,0,0,1,16,2,8,0,3,6,3,0,0,0,0,0,0,0,0,0,0,0,15,0,0,120,0,69,12,35,3,0,0.575,0.1,0.2916666666666667,0.025,0
2024-06-20T00:00:00Z,Casablanca,15.6,5.5,6.6,31,12,7,14,0,0,0,0,0,33,0,4,5,1,1,14,5,0,1,0,0,0,19,0,1,0,0,2,0,0,120,0,55,0,44,20,0,0.4583333333333333,0,0.36666666666666664,0.16666666666666666,0
2024-06-21T00:00:00Z,Buoy Line,15.1,7.9,7,30,0,63,3,1,0,0,0,0,11,8,18,0,0,0,0,0,0,1,0,0,0,0,0,0,0,0,14,0,1,120,1,81,0,37,1,1,0.675,0,0.30833333333333335,0.008333333333333333,0.008333333333333333
2024-06-21T00:00:00Z,Casablanca,11.9,7.2,6.4,30,11,37,10,0,7,0,1,0,26,1,7,3,1,0,12,2,0,0,0,0,0,1,0,0,0,0,0,0,0,120,0,59,8,38,14,0,0.49166666666666664,0.06666666666666667,0.31666666666666665,0.11666666666666667,0
2024-06-24T00:00:00Z,Casablanca,12.2,10.5,13,31,35,32,0,0,13,0,7,3,3,0,6,4,1,0,9,3,0,0,0,0,0,0,0,0,0,0,4,0,0,120,0,71,23,14,12,0,0.5916666666666667,0.19166666666666668,0.11666666666666667,0.1,0
2024-06-24T00:00:00Z,Grandmas Garden,14,12,13.1,31,26,23,3,9,7,0,3,10,6,0,10,4,1,3,7,2,0,0,0,0,0,0,0,0,0,1,5,0,0,120,0,67,20,24,9,0,0.5583333333333333,0.16666666666666666,0.2,0.075,0
2024-06-25T00:00:00Z,Grandmas Garden,12.7,11.6,8.3,31,9,24,14,4,14,0,4,2,12,0,8,4,1,4,12,2,0,0,0,0,0,0,0,0,0,2,2,0,1,120,1,55,20,29,14,1,0.4583333333333333,0.16666666666666666,0.24166666666666667,0.11666666666666667,0.008333333333333333
2024-06-26T00:00:00Z,Casablanca,11.9,8.4,6.6,31,4,48,7,1,12,0,0,0,15,1,9,2,0,2,4,1,4,0,0,0,0,7,0,0,0,0,1,0,1,120,1,68,12,29,9,1,0.5666666666666667,0.1,0.24166666666666667,0.075,0.008333333333333333
2024-06-26T00:00:00Z,Manuels Wall,19,15,11,31,16,14,16,1,7,0,0,0,29,0,23,5,1,0,1,0,0,0,0,0,0,0,0,0,0,2,5,0,0,120,0,54,7,58,1,0,0.45,0.058333333333333334,0.48333333333333334,0.008333333333333333,0
2024-06-28T00:00:00Z,Casablanca,9.7,6.2,8.3,31,11,5,27,4,19,0,6,5,8,0,6,6,2,0,12,0,0,1,1,0,0,0,0,0,0,0,2,0,0,120,0,49,30,22,14,0,0.4083333333333333,0.25,0.18333333333333332,0.11666666666666667,0
2024-09-19T00:00:00Z,Grandmas Garden,11,5,5.4,29,0,8,69,2,7,0,1,1,15,0,6,0,0,7,2,0,0,1,0,0,0,0,0,0,0,0,1,0,0,120,0,80,9,28,3,0,0.6666666666666666,0.075,0.23333333333333334,0.025,0
2024-09-20T00:00:00Z,Buoy Line,10,11.2,10.9,31,0,14,62,1,13,0,0,1,12,2,4,0,0,5,2,0,0,0,0,0,0,0,0,0,0,0,3,0,1,120,1,80,14,23,2,1,0.6666666666666666,0.11666666666666667,0.19166666666666668,0.016666666666666666,0.008333333333333333
2024-09-20T00:00:00Z,Casablanca,8.8,6,5.7,30,0,9,51,0,3,0,0,0,16,1,7,0,0,1,0,0,0,0,0,0,0,32,0,0,0,0,0,0,0,120,0,92,3,25,0,0,0.7666666666666667,0.025,0.20833333333333334,0,0
2024-10-30T00:00:00Z,Buoy Line,3,10.3,13.4,29,26,44,2,3,0,0,0,2,13,7,4,8,0,0,2,1,0,0,0,0,0,0,0,0,0,0,8,0,0,120,0,83,2,32,3,0,0.6916666666666667,0.016666666666666666,0.26666666666666666,0.025,0
2024-10-30T00:00:00Z,Casablanca,4,5.9,6.7,29,3,34,16,6,0,0,0,0,21,2,6,5,0,0,0,0,0,0,0,0,0,25,0,0,0,0,1,0,0,120,0,85,0,34,0,0,0.7083333333333334,0,0.2833333333333333,0,0
2024-10-31T00:00:00Z,Buoy Line,4.7,10.5,10.2,30,56,18,0,0,7,0,2,0,19,4,4,7,0,0,1,0,0,0,0,0,0,2,0,0,0,0,0,0,0,120,0,76,9,34,1,0,0.6333333333333333,0.075,0.2833333333333333,0.008333333333333333,0
2024-10-31T00:00:00Z,Pandora,4.4,12,10,30,80,11,5,0,7,0,1,0,7,0,2,3,0,0,0,1,0,0,0,0,0,0,0,0,0,0,2,0,0,120,0,98,8,12,1,0,0.8166666666666667,0.06666666666666667,0.1,0.008333333333333333,0
2024-11-01T00:00:00Z,Casablanca,6,6.9,10.4,29,0,14,23,1,17,0,6,0,22,0,10,6,0,0,10,2,0,0,0,0,0,0,0,0,0,0,8,0,0,120,0,46,23,38,12,0,0.38333333333333336,0.19166666666666668,0.31666666666666665,0.1,0
2024-11-01T00:00:00Z,Manuels Wall,6,11.5,9.4,29,3,12,3,0,7,0,1,0,22,0,14,6,2,0,0,1,0,0,0,0,0,0,0,0,0,0,49,0,0,120,0,67,8,44,1,0,0.5583333333333333,0.06666666666666667,0.36666666666666664,0.008333333333333333,0
2024-11-02T00:00:00Z,Grandmas Garden,4.6,9.6,6.4,30,45,3,26,0,14,0,0,0,15,1,3,0,0,2,6,0,0,0,0,0,0,0,0,0,0,0,4,0,0,120,0,78,14,21,6,0,0.65,0.11666666666666667,0.175,0.05,0
2024-11-02T00:00:00Z,Manuels Wall,6.2,11.3,10.2,30,79,10,1,1,4,0,0,0,18,2,0,0,1,1,0,0,0,0,0,0,0,0,0,0,0,0,0,0,0,120,0,91,4,22,0,0,0.7583333333333333,0.03333333333333333,0.18333333333333332,0,0
2024-11-13T00:00:00Z,Casablanca,6.2,4.3,5,30,9,2,56,8,0,0,0,0,6,0,10,4,3,0,9,0,2,0,0,0,0,10,0,0,0,0,0,0,1,120,0,85,0,23,11,1,0.7083333333333334,0,0.19166666666666668,0.09166666666666666,0.008333333333333333
2024-11-13T00:00:00Z,Grandmas Garden,6.9,8.8,11,29,9,1,48,5,0,0,2,2,18,0,9,4,3,7,10,0,1,0,0,0,0,0,0,0,0,0,0,0,1,120,0,63,4,41,11,1,0.525,0.03333333333333333,0.3416666666666667,0.09166666666666666,0.008333333333333333
2024-11-14T00:00:00Z,Buoy Line,6.7,8.7,9.5,29,0,48,29,10,0,0,0,0,9,3,5,5,2,1,5,0,0,0,0,0,0,0,0,0,0,2,0,0,0,120,0,89,0,25,5,0,0.7416666666666667,0,0.20833333333333334,0.041666666666666664,0
2024-11-14T00:00:00Z,Grandmas Garden,7.9,5.2,6.8,29,16,11,39,6,0,0,0,0,15,0,11,2,15,3,2,0,0,0,0,0,0,0,0,0,0,0,0,0,0,120,0,72,0,46,2,0,0.6,0,0.38333333333333336,0.016666666666666666,0
2024-11-15T00:00:00Z,Casablanca,9.2,7.3,8.2,29,0,19,42,5,0,0,0,0,14,1,15,3,7,0,7,0,1,2,0,0,0,0,0,0,0,0,0,3,0,120,0,69,0,40,10,0,0.575,0,0.3333333333333333,0.08333333333333333,0
2024-11-15T00:00:00Z,Pandora,13.8,12.3,13.7,30,1,35,28,14,0,0,2,0,5,0,4,3,3,4,12,0,0,0,0,1,0,0,0,0,0,0,0,8,0,120,0,86,2,19,13,0,0.7166666666666667,0.016666666666666666,0.15833333333333333,0.10833333333333334,0
2024-11-25T00:00:00Z,Casablanca,5.2,7.4,9,28,1,48,28,0,3,0,0,1,17,0,6,0,0,3,4,6,0,0,0,0,0,0,0,0,0,0,2,0,0,120,0,79,4,26,10,0,0.6583333333333333,0.03333333333333333,0.21666666666666667,0.08333333333333333,0
2024-11-25T00:00:00Z,Grandmas Garden,5.6,8.1,9,28,0,9,72,2,0,0,0,0,13,0,15,2,0,3,4,0,0,0,0,0,0,0,0,0,0,0,0,0,0,120,0,83,0,33,4,0,0.6916666666666667,0,0.275,0.03333333333333333,0
2024-11-26T00:00:00Z,Manuels Wall,9.2,11.1,10,29,9,42,13,15,0,0,0,0,21,7,6,0,3,1,3,0,0,0,0,0,0,0,0,0,0,0,0,0,0,120,0,79,0,38,3,0,0.6583333333333333,0,0.31666666666666665,0.025,0
2024-11-26T00:00:00Z,Pandora,10,12.6,12,30,5,46,20,14,0,0,0,0,15,0,8,0,5,1,3,0,0,0,0,0,0,1,0,1,0,0,1,0,0,120,0,88,0,29,3,0,0.7333333333333333,0,0.24166666666666667,0.025,0
2024-11-27T00:00:00Z,Manuels Wall,10.5,11.1,10.1,28,0,41,22,1,0,0,6,0,19,1,12,6,0,2,7,1,0,1,0,0,0,0,0,0,0,0,1,0,0,120,0,65,6,40,9,0,0.5416666666666666,0.05,0.3333333333333333,0.075,0
2024-11-27T00:00:00Z,Pandora,7.7,13,15,29,1,44,34,3,1,0,6,5,5,0,8,5,4,0,2,2,0,0,0,0,0,0,0,0,0,0,0,0,0,120,0,82,12,22,4,0,0.6833333333333333,0.1,0.18333333333333332,0.03333333333333333,0
2024-11-28T00:00:00Z,Buoy Line,11.3,9.3,9.1,28,0,62,26,0,0,0,0,0,15,3,8,3,0,0,2,0,0,0,0,0,0,0,0,1,0,0,0,0,0,120,0,89,0,29,2,0,0.7416666666666667,0,0.24166666666666667,0.016666666666666666,0
2024-11-28T00:00:00Z,Casablanca,18,5.9,6.7,28,3,24,61,3,2,0,0,0,13,0,2,3,0,2,2,0,0,0,0,0,0,5,0,0,0,0,0,0,0,120,0,96,2,20,2,0,0.8,0.016666666666666666,0.16666666666666666,0.016666666666666666,0
2024-12-12T00:00:00Z,Casablanca,10,7.7,6.4,28,0,0,27,0,31,0,3,1,14,0,13,2,3,6,1,0,0,0,0,0,0,0,0,10,0,0,7,1,0,120,0,45,35,38,1,0,0.375,0.2916666666666667,0.31666666666666665,0.008333333333333333,0
2024-12-13T00:00:00Z,Grandmas Garden,13.5,7.3,6.2,29,1,3,33,0,27,0,1,0,20,0,13,3,1,4,5,0,0,0,0,0,0,0,0,5,0,0,4,0,0,120,0,46,28,41,5,0,0.38333333333333336,0.23333333333333334,0.3416666666666667,0.041666666666666664,0
2024-12-13T00:00:00Z,Pandora,8.4,12.3,13.4,27,0,0,3,0,20,0,15,7,8,0,8,2,0,2,12,2,0,1,0,0,0,0,0,0,0,0,38,0,0,120,0,41,42,20,15,0,0.3416666666666667,0.35,0.16666666666666666,0.125,0
2024-12-16T00:00:00Z,Grandmas Garden,8.6,9,10.9,24,3,18,27,0,30,0,2,0,13,0,11,2,2,3,3,0,0,0,0,1,0,0,0,1,0,0,4,0,0,120,0,53,32,31,4,0,0.44166666666666665,0.26666666666666666,0.25833333333333336,0.03333333333333333,0
2024-12-16T00:00:00Z,Pandora,9.6,13.5,14,28,1,7,1,0,27,0,7,2,7,0,7,0,2,5,3,4,0,0,0,2,1,0,5,2,0,0,37,0,0,120,0,53,36,21,10,0,0.44166666666666665,0.3,0.175,0.08333333333333333,0
2024-12-17T00:00:00Z,Buoy Line,10.3,10.9,10.9,29,0,17,19,0,16,0,6,0,20,1,5,4,1,2,3,1,0,0,0,0,0,0,0,0,1,0,24,0,0,120,0,61,22,33,4,0,0.5083333333333333,0.18333333333333332,0.275,0.03333333333333333,0
2024-12-17T00:00:00Z,Manuels Wall,9.6,10.7,9.5,29,0,39,6,0,6,0,1,0,25,3,9,3,0,1,1,0,0,0,0,2,0,0,0,3,0,0,21,0,0,120,0,69,7,41,3,0,0.575,0.058333333333333334,0.3416666666666667,0.025,0
2024-12-18T00:00:00Z,Grandmas Garden,10.2,6.2,8.7,28,4,11,27,0,26,0,0,0,3,0,10,7,1,11,18,0,0,1,0,0,0,0,0,1,0,0,0,0,0,120,0,43,26,32,19,0,0.35833333333333334,0.21666666666666667,0.26666666666666666,0.15833333333333333,0
2024-12-18T00:00:00Z,Pandora,8.7,13,13.2,28,0,2,10,0,24,0,10,2,7,0,1,5,0,5,4,1,1,3,0,2,0,0,0,0,0,0,43,0,0,120,0,55,36,18,11,0,0.4583333333333333,0.3,0.15,0.09166666666666666,0
2024-12-19T00:00:00Z,Casablanca,10.5,6.2,NA,29,0,33,19,0,3,0,1,0,18,0,4,1,4,0,5,0,0,0,0,12,0,0,3,12,0,0,5,0,0,120,0,72,4,27,17,0,0.6,0.03333333333333333,0.225,0.14166666666666666,0
2024-12-20T00:00:00Z,Buoy Line,11.3,9.2,7.5,28,0,22,5,0,1,0,0,0,21,7,14,0,0,1,0,0,0,0,0,0,0,0,0,4,0,0,45,0,0,120,0,76,1,43,0,0,0.6333333333333333,0.008333333333333333,0.35833333333333334,0,0
2024-12-20T00:00:00Z,Pandora,10.45,11.9,13,28,0,15,9,0,22,0,13,3,14,5,3,7,1,1,1,2,0,0,0,0,0,0,2,0,0,0,22,0,0,120,0,48,38,31,3,0,0.4,0.31666666666666665,0.25833333333333336,0.025,0
2025-01-02T00:00:00Z,Pandora,14,13,11,27,40,10,0,0,16,0,17,5,14,0,6,0,1,6,3,0,0,0,0,0,0,1,0,1,0,0,0,0,0,120,0,52,38,27,3,0,0.43333333333333335,0.31666666666666665,0.225,0.025,0
2025-01-04T00:00:00Z,Buoy Line,15,9.7,14,27,0,47,6,0,16,0,4,0,12,3,7,0,0,1,4,0,0,0,0,0,0,0,0,1,0,0,17,1,1,120,1,72,20,23,4,1,0.6,0.16666666666666666,0.19166666666666668,0.03333333333333333,0.008333333333333333
2025-01-04T00:00:00Z,Grandmas Garden,16,8,12,27,11,14,22,0,6,0,20,11,13,0,7,0,0,4,10,1,0,1,0,0,0,0,0,0,0,0,0,0,0,120,0,47,37,24,12,0,0.39166666666666666,0.30833333333333335,0.2,0.1,0
2025-01-07T00:00:00Z,Grandmas Garden,17,4.5,5,27,6,20,28,0,0,0,0,0,28,0,13,0,1,0,2,0,0,0,0,0,0,3,0,0,0,0,19,0,0,120,0,76,0,42,2,0,0.6333333333333333,0,0.35,0.016666666666666666,0
2025-01-08T00:00:00Z,Casablanca,14,9,9,27,15,6,19,0,10,0,1,3,33,2,17,0,0,0,6,1,0,0,1,0,0,0,0,0,0,0,1,4,1,120,1,45,14,52,8,1,0.375,0.11666666666666667,0.43333333333333335,0.06666666666666667,0.008333333333333333
2025-01-08T00:00:00Z,Grandmas Garden,15,8,10.5,27,4,4,21,0,18,0,22,12,12,0,10,2,0,0,10,4,0,0,1,0,0,0,0,0,0,0,0,0,0,120,0,29,52,24,15,0,0.24166666666666667,0.43333333333333335,0.2,0.125,0
2025-01-09T00:00:00Z,Grandmas Garden,17,8,4,27,13,0,40,0,6,0,0,0,19,0,30,0,0,0,9,0,0,0,0,0,0,1,0,0,0,0,0,2,0,120,0,56,6,49,9,0,0.4666666666666667,0.05,0.4083333333333333,0.075,0
2025-01-09T00:00:00Z,Pandora,13,12.5,13.5,27,0,27,7,0,7,0,16,4,19,0,15,5,0,1,5,7,0,0,0,1,0,0,0,0,0,0,5,0,1,120,1,39,27,40,13,1,0.325,0.225,0.3333333333333333,0.10833333333333334,0.008333333333333333
2025-01-10T00:00:00Z,Buoy Line,15,9,9,27,0,50,4,0,0,0,0,0,39,0,4,0,0,0,0,0,0,0,0,0,0,0,0,0,0,0,23,0,0,120,0,77,0,43,0,0,0.6416666666666667,0,0.35833333333333334,0,0
2025-01-10T00:00:00Z,Casablanca,15,9,11,27,11,7,29,0,10,0,0,0,23,1,26,0,1,2,3,0,1,3,1,0,0,0,0,0,0,0,1,1,0,120,0,49,10,53,8,0,0.4083333333333333,0.08333333333333333,0.44166666666666665,0.06666666666666667,0
2025-01-13T00:00:00Z,Grandmas Garden,15,7,8.5,27,5,0,51,0,17,0,0,3,7,0,18,0,0,0,14,0,0,0,0,0,0,0,0,0,0,0,5,0,0,120,0,61,20,25,14,0,0.5083333333333333,0.16666666666666666,0.20833333333333334,0.11666666666666667,0
2025-01-13T00:00:00Z,Pandora,14,14.5,17,27,5,20,5,0,2,0,4,7,23,0,9,4,4,0,3,5,0,0,0,0,0,0,0,0,0,0,29,0,0,120,0,59,13,40,8,0,0.49166666666666664,0.10833333333333334,0.3333333333333333,0.06666666666666667,0
2025-01-14T00:00:00Z,Buoy Line,11,8,8,27,9,0,29,0,0,0,0,0,29,7,31,0,0,0,0,0,0,0,0,0,0,3,0,3,0,0,6,0,3,120,3,50,0,67,0,3,0.4166666666666667,0,0.5583333333333333,0,0.025
2025-01-14T00:00:00Z,Manuels Wall,14,9,10,27,0,28,7,0,3,0,1,1,54,3,10,1,0,0,0,0,0,0,0,0,0,0,0,0,0,0,9,0,3,120,3,44,5,68,0,3,0.36666666666666664,0.041666666666666664,0.5666666666666667,0,0.025
2025-01-15T00:00:00Z,Casablanca,15,9,8,27,1,0,21,0,31,0,0,0,21,0,31,1,0,0,4,0,0,4,0,0,0,0,0,0,0,0,0,1,5,120,5,23,31,53,8,5,0.19166666666666668,0.25833333333333336,0.44166666666666665,0.06666666666666667,0.041666666666666664
2025-01-15T00:00:00Z,Grandmas Garden,16,7,9.5,27,0,20,31,0,20,0,2,0,15,0,8,0,3,0,19,0,0,0,0,0,0,0,0,0,0,0,1,0,1,120,1,52,22,26,19,1,0.43333333333333335,0.18333333333333332,0.21666666666666667,0.15833333333333333,0.008333333333333333
2025-01-16T00:00:00Z,Manuels Wall,9,9,10,27,0,35,5,0,3,0,0,0,48,4,5,5,0,0,0,1,0,0,0,0,0,4,0,0,0,0,9,0,1,120,1,53,3,62,1,1,0.44166666666666665,0.025,0.5166666666666667,0.008333333333333333,0.008333333333333333
2025-01-16T00:00:00Z,Pandora,15,11,16,27,0,15,24,0,23,0,1,6,8,4,25,0,0,0,6,1,0,0,0,0,0,1,0,1,0,0,2,0,3,120,3,43,30,37,7,3,0.35833333333333334,0.25,0.30833333333333335,0.058333333333333334,0.025
2025-01-17T00:00:00Z,Casablanca,15.5,6,10,27,0,21,23,2,5,0,2,0,37,0,12,3,0,0,7,1,0,0,0,0,0,6,0,0,0,0,0,0,1,120,1,52,7,52,8,1,0.43333333333333335,0.058333333333333334,0.43333333333333335,0.06666666666666667,0.008333333333333333
2025-02-12T00:00:00Z,Grandmas Garden,8.5,8.4,8.6,28,6,22,38,6,0,1,0,2,19,0,0,10,3,0,5,0,2,0,2,0,0,0,0,0,0,0,3,0,1,120,1,75,3,32,9,1,0.625,0.025,0.26666666666666666,0.075,0.008333333333333333
2025-02-12T00:00:00Z,Pandora,9.9,11.6,11.2,28,4,70,15,3,0,0,1,7,8,0,2,2,3,0,4,0,0,0,0,0,0,0,0,0,0,0,1,0,0,120,0,93,8,15,4,0,0.775,0.06666666666666667,0.125,0.03333333333333333,0
2025-02-13T00:00:00Z,Buoy Line,8.1,10.4,8.9,28,1,21,10,2,2,0,0,1,10,5,2,5,1,0,5,0,0,0,0,0,0,0,0,0,0,0,54,0,1,120,1,88,3,23,5,1,0.7333333333333333,0.025,0.19166666666666668,0.041666666666666664,0.008333333333333333
2025-02-13T00:00:00Z,Manuels Wall,10.7,11.7,12.3,28,2,5,11,2,5,1,5,3,29,0,3,9,6,0,6,0,0,0,0,0,0,1,0,0,0,0,32,0,0,120,0,53,14,47,6,0,0.44166666666666665,0.11666666666666667,0.39166666666666666,0.05,0
2025-02-14T00:00:00Z,Casablanca,12.5,10.4,10,28,11,22,17,11,9,0,6,1,23,0,3,6,2,0,6,0,0,0,1,0,0,0,0,0,0,0,2,0,0,120,0,63,16,34,7,0,0.525,0.13333333333333333,0.2833333333333333,0.058333333333333334,0
2025-02-14T00:00:00Z,Grandmas Garden,14.5,7.9,7.9,28,17,4,19,22,7,0,1,2,10,1,4,17,0,1,15,0,0,0,0,0,0,0,0,0,0,0,0,0,0,120,0,62,10,33,15,0,0.5166666666666667,0.08333333333333333,0.275,0.125,0
2025-02-26T00:00:00Z,Casablanca,13,8.8,10.7,28,1,23,23,0,17,0,0,0,23,1,15,9,0,3,1,0,1,0,0,0,1,2,0,0,0,0,0,0,0,120,0,49,17,51,3,0,0.4083333333333333,0.14166666666666666,0.425,0.025,0
2025-02-26T00:00:00Z,Pandora,14.2,11,9.6,28,0,84,12,0,1,0,0,0,11,1,2,3,0,0,0,0,0,0,0,0,0,6,0,0,0,0,0,0,0,120,0,102,1,17,0,0,0.85,0.008333333333333333,0.14166666666666666,0,0
2025-02-27T00:00:00Z,Casablanca,18,11.3,11.2,29,41,0,25,16,2,0,0,1,16,1,3,0,0,0,13,0,0,0,2,0,0,0,0,0,0,0,0,0,0,120,0,82,3,20,15,0,0.6833333333333333,0.025,0.16666666666666666,0.125,0
2025-02-27T00:00:00Z,Casablanca,9.4,10.5,8.9,29,48,2,14,1,14,0,0,0,10,0,9,9,1,3,8,1,0,0,0,0,0,0,0,0,0,0,0,0,0,120,0,65,14,32,9,0,0.5416666666666666,0.11666666666666667,0.26666666666666666,0.075,0
2025-02-27T00:00:00Z,Grandmas Garden,13,8.7,5.7,30,0,0,72,7,2,0,0,0,17,0,5,0,5,1,11,0,0,0,0,0,0,0,0,0,0,0,0,0,0,120,0,79,2,28,11,0,0.6583333333333333,0.016666666666666666,0.23333333333333334,0.09166666666666666,0
2025-02-27T00:00:00Z,Grandmas Garden,10.9,7.5,5.9,29,25,0,38,0,26,0,0,0,13,0,12,2,3,0,0,0,0,0,0,0,0,1,0,0,0,0,0,0,0,120,0,64,26,30,0,0,0.5333333333333333,0.21666666666666667,0.25,0,0
2025-04-16T00:00:00Z,Casablanca,14,5.8,9.5,28,0,43,19,0,20,0,2,0,13,0,8,3,0,0,1,0,0,0,6,0,0,3,0,0,0,1,0,1,0,120,0,67,22,24,7,0,0.5583333333333333,0.18333333333333332,0.2,0.058333333333333334,0
2025-04-16T00:00:00Z,Manuels Wall,15.8,10.2,9.8,28,0,64,13,0,10,0,1,0,7,1,5,0,0,2,1,0,3,3,1,0,0,1,0,0,0,0,1,2,5,120,5,81,11,15,8,5,0.675,0.09166666666666666,0.125,0.06666666666666667,0.041666666666666664
2025-04-17T00:00:00Z,Casablanca,16.6,6,5.3,27,11,38,18,0,11,0,0,0,14,4,7,1,0,0,1,0,0,0,0,1,0,13,0,0,0,0,0,0,1,120,1,80,11,26,2,1,0.6666666666666666,0.09166666666666666,0.21666666666666667,0.016666666666666666,0.008333333333333333
2025-04-17T00:00:00Z,Grandmas Garden,14.6,7.7,8.4,28,36,0,26,0,19,0,5,0,10,0,6,4,0,1,13,0,0,0,0,0,0,0,0,0,0,0,0,0,0,120,0,62,24,21,13,0,0.5166666666666667,0.2,0.175,0.10833333333333334,0
2025-04-18T00:00:00Z,Manuels Wall,16.5,11.5,10.5,27,3,16,8,0,22,0,9,12,10,2,9,4,1,2,10,3,0,0,0,0,0,0,4,0,0,0,0,3,2,120,0,34,43,28,13,2,0.2833333333333333,0.35833333333333334,0.23333333333333334,0.10833333333333334,0.016666666666666666
2025-04-18T00:00:00Z,Pandora,17,11.6,12.9,27,3,27,20,0,15,0,10,6,9,1,1,1,1,7,10,0,0,0,3,0,0,0,0,0,0,1,4,1,0,120,0,56,31,20,13,0,0.4666666666666667,0.25833333333333336,0.16666666666666666,0.10833333333333334,0
2025-05-14T00:00:00Z,Casablanca,9.1,8.7,8.1,29.5,0,28,24,4,20,0,0,1,6,0,16,2,0,0,5,0,1,0,0,0,0,0,0,0,0,0,13,0,0,120,0,69,21,24,6,0,0.575,0.175,0.2,0.05,0
2025-05-14T00:00:00Z,Grandmas Garden,14,7.2,9.7,29.3,0,16,28,17,20,0,4,1,2,0,5,4,0,0,12,0,0,0,0,0,0,0,0,0,0,0,10,0,1,120,1,71,25,11,12,1,0.5916666666666667,0.20833333333333334,0.09166666666666666,0.1,0.008333333333333333
2025-05-15T00:00:00Z,Buoy Line,10.2,8.8,11.8,29,0,13,8,6,15,0,4,2,3,0,20,4,0,0,4,0,0,1,0,0,0,0,0,0,0,0,39,0,1,120,1,66,21,27,5,1,0.55,0.175,0.225,0.041666666666666664,0.008333333333333333
2025-05-15T00:00:00Z,Manuels Wall,13.8,10.4,10.9,29.2,0,20,14,3,10,0,3,3,2,3,23,12,0,0,5,0,0,0,0,0,0,0,0,0,0,0,22,0,0,120,0,59,16,40,5,0,0.49166666666666664,0.13333333333333333,0.3333333333333333,0.041666666666666664,0
2025-05-16T00:00:00Z,Casablanca,12.3,6.9,9.1,29,0,16,37,2,15,0,4,0,8,0,20,5,0,0,5,1,0,0,0,0,0,0,0,0,0,1,4,0,2,120,2,60,19,33,6,2,0.5,0.15833333333333333,0.275,0.05,0.016666666666666666
2025-05-16T00:00:00Z,Pandora,12.6,12.5,12.1,29,0,21,12,2,19,0,4,2,2,0,8,10,0,0,4,1,0,0,0,0,0,0,0,0,0,0,35,0,0,120,0,70,25,20,5,0,0.5833333333333334,0.20833333333333334,0.16666666666666666,0.041666666666666664,0
2025-05-19T00:00:00Z,Buoy Line,9.6,11.3,8.6,29.8,0,41,11,0,5,0,1,3,0,2,19,5,0,0,4,4,0,0,0,0,0,0,0,0,0,0,24,0,1,120,1,76,9,26,8,1,0.6333333333333333,0.075,0.21666666666666667,0.06666666666666667,0.008333333333333333
2025-05-19T00:00:00Z,Manuels Wall,15.4,9.3,10.1,29,0,54,8,2,6,0,2,0,0,4,27,4,0,0,2,2,0,0,0,0,0,0,0,0,0,0,7,0,2,120,2,71,8,35,4,2,0.5916666666666667,0.06666666666666667,0.2916666666666667,0.03333333333333333,0.016666666666666666
2025-05-20T00:00:00Z,Casablanca,14.1,7.4,6.3,29,0,17,31,0,24,0,4,0,0,0,27,1,0,3,8,0,0,0,0,0,0,0,0,0,0,0,5,0,0,120,0,53,28,31,8,0,0.44166666666666665,0.23333333333333334,0.25833333333333336,0.06666666666666667,0
2025-05-20T00:00:00Z,Casablanca,14,8.3,7.5,30,3,12,25,2,33,0,2,0,0,0,24,5,0,3,5,0,0,1,0,1,0,3,0,0,0,0,0,0,1,120,1,45,35,32,7,1,0.375,0.2916666666666667,0.26666666666666666,0.058333333333333334,0.008333333333333333
2025-05-21T00:00:00Z,Grandmas Garden,15.5,7.6,7.4,29.8,5,6,41,7,12,0,1,0,0,0,11,8,1,6,21,0,0,0,0,1,0,0,0,0,0,0,0,0,0,120,0,59,13,26,22,0,0.49166666666666664,0.10833333333333334,0.21666666666666667,0.18333333333333332,0
2025-05-21T00:00:00Z,Pandora,14.5,12.7,13.7,29,1,11,14,4,19,0,15,6,0,0,9,7,1,1,7,1,0,0,0,0,0,0,0,0,0,0,24,0,0,120,0,54,40,18,8,0,0.45,0.3333333333333333,0.15,0.06666666666666667,0
2025-05-22T00:00:00Z,Buoy Line,13.1,9.7,9.5,29.8,0,23,21,3,18,0,6,2,0,0,16,4,5,2,7,4,0,0,0,0,0,0,0,0,1,0,8,0,0,120,0,56,26,27,11,0,0.4666666666666667,0.21666666666666667,0.225,0.09166666666666666,0
2025-05-22T00:00:00Z,Manuels Wall,11.5,11.7,11.4,29.8,15,24,13,1,13,0,0,0,0,0,39,7,2,1,1,3,0,0,0,0,0,0,1,0,0,0,0,0,0,120,0,54,13,49,4,0,0.45,0.10833333333333334,0.4083333333333333,0.03333333333333333,0
2025-05-23T00:00:00Z,Casablanca,12.9,10.1,9.7,30,0,35,25,2,13,0,1,1,0,0,24,9,2,1,4,1,0,1,0,0,0,0,0,0,0,0,0,0,1,120,1,62,15,36,6,1,0.5166666666666667,0.125,0.3,0.05,0.008333333333333333
2025-05-23T00:00:00Z,Pandora,10.1,13.4,13.1,30,8,13,7,2,18,0,17,3,0,1,10,9,1,0,13,10,0,1,0,0,0,2,0,0,0,0,5,0,0,120,0,37,38,21,24,0,0.30833333333333335,0.31666666666666665,0.175,0.2,0
2025-06-03T00:00:00Z,Buoy Line,11.2,9.8,9.3,29.2,34,28,11,2,15,0,2,1,6,6,4,5,0,2,2,0,0,0,0,0,0,0,0,0,0,0,2,0,0,120,0,77,18,23,2,0,0.6416666666666667,0.15,0.19166666666666668,0.016666666666666666,0
2025-06-03T00:00:00Z,Casablanca,10.2,8.2,9,30,0,6,62,4,6,0,2,0,14,0,7,5,0,4,4,1,0,0,0,0,0,0,0,0,0,0,5,0,0,120,0,77,8,30,5,0,0.6416666666666667,0.06666666666666667,0.25,0.041666666666666664,0
2025-06-05T00:00:00Z,Casablanca,12.6,9.4,9.5,29,4,32,23,5,2,0,1,0,11,1,15,7,0,2,2,0,0,1,0,0,0,6,1,0,0,0,7,0,0,120,0,78,3,36,3,0,0.65,0.025,0.3,0.025,0
2025-06-05T00:00:00Z,Pandora,11.4,12.5,12,29,21,13,12,2,9,0,17,0,18,1,9,2,2,2,6,1,0,1,0,0,0,0,0,0,0,0,4,0,0,120,0,52,26,34,8,0,0.43333333333333335,0.21666666666666667,0.2833333333333333,0.06666666666666667,0
2025-06-09T00:00:00Z,Casablanca,8.1,7.2,7.7,30,0,8,41,3,10,0,5,0,18,2,9,10,1,2,6,0,0,0,0,0,0,0,0,0,0,2,3,0,0,120,0,57,15,42,6,0,0.475,0.125,0.35,0.05,0
2025-06-09T00:00:00Z,Pandora,9.6,11.6,12.1,30,43,8,11,1,15,0,10,0,12,0,8,4,0,0,2,0,0,0,0,1,0,0,0,1,0,0,4,0,0,120,0,68,25,24,3,0,0.5666666666666667,0.20833333333333334,0.2,0.025,0
2025-06-12T00:00:00Z,Casablanca,10.2,8.2,9.4,29,4,30,25,2,9,0,8,0,24,1,8,1,0,3,4,0,0,0,1,0,0,0,0,0,0,0,0,0,0,120,0,61,17,37,5,0,0.5083333333333333,0.14166666666666666,0.30833333333333335,0.041666666666666664,0
2025-06-12T00:00:00Z,Pandora,15.2,13.2,10.6,30,28,12,16,0,13,0,19,0,15,0,4,3,1,0,6,0,0,0,0,0,0,0,0,0,0,0,3,0,0,120,0,59,32,23,6,0,0.49166666666666664,0.26666666666666666,0.19166666666666668,0.05,0
2025-06-13T00:00:00Z,Buoy Line,12.4,9.7,9.1,29,23,13,24,0,9,0,8,0,20,4,5,3,2,0,4,0,0,0,0,0,0,0,0,0,0,0,4,0,1,120,1,64,17,34,4,1,0.5333333333333333,0.14166666666666666,0.2833333333333333,0.03333333333333333,0.008333333333333333
2025-06-13T00:00:00Z,Casablanca,10.6,9.4,9.6,29,0,21,20,2,11,0,11,0,22,2,7,6,2,2,8,0,0,0,0,0,0,0,0,0,0,0,5,0,1,120,1,48,22,41,8,1,0.4,0.18333333333333332,0.3416666666666667,0.06666666666666667,0.008333333333333333
2025-06-18T00:00:00Z,Buoy Line,11.5,10,12.5,29.4,0,22,15,0,1,0,0,0,7,6,20,7,0,1,1,1,0,0,0,0,0,1,1,0,0,0,37,0,0,120,0,76,1,41,2,0,0.6333333333333333,0.008333333333333333,0.3416666666666667,0.016666666666666666,0
2025-06-18T00:00:00Z,Casablanca,10.4,6.1,7.9,29.4,0,10,27,11,0,0,3,0,22,0,31,2,0,4,7,0,0,2,1,0,0,0,0,0,0,0,0,0,0,120,0,48,3,59,10,0,0.4,0.025,0.49166666666666664,0.08333333333333333,0
2025-06-19T00:00:00Z,Grandmas Garden,10,7.6,8.2,28.9,0,6,22,0,5,0,7,0,11,0,18,8,6,2,18,13,0,0,3,0,0,0,0,0,0,0,0,0,1,120,1,28,12,45,34,1,0.23333333333333334,0.1,0.375,0.2833333333333333,0.008333333333333333
2025-06-19T00:00:00Z,Pandora,6,12.5,13.1,28.9,0,18,17,0,6,0,14,7,7,2,21,11,3,3,3,3,0,0,0,1,0,0,4,0,0,0,0,0,0,120,0,39,27,47,7,0,0.325,0.225,0.39166666666666666,0.058333333333333334,0
2025-06-20T00:00:00Z,Casablanca,5,7.6,9.1,29,0,10,31,2,4,0,6,1,19,1,15,7,1,1,13,3,0,1,4,0,0,1,0,0,0,0,0,0,0,120,0,44,11,44,21,0,0.36666666666666664,0.09166666666666666,0.36666666666666664,0.175,0
2025-06-20T00:00:00Z,Manuels Wall,9,9.7,10,29,0,29,15,0,5,0,2,0,26,8,23,5,1,0,1,2,0,0,2,0,0,0,0,0,0,0,0,1,0,120,0,45,7,63,5,0,0.375,0.058333333333333334,0.525,0.041666666666666664,0
2025-07-04T00:00:00Z,Buoy Line,6.4,11,10,28,0,40,10,7,2,0,3,0,30,1,8,6,2,3,8,0,0,0,0,0,0,0,0,0,0,0,0,0,0,120,0,57,5,50,8,0,0.475,0.041666666666666664,0.4166666666666667,0.06666666666666667,0
2025-07-04T00:00:00Z,Pandora,10.1,12.1,11,27,0,32,12,9,10,1,16,0,14,0,5,10,0,2,9,0,0,0,0,0,0,0,0,0,0,0,0,0,0,120,0,53,27,31,9,0,0.44166666666666665,0.225,0.25833333333333336,0.075,0
2025-08-01T00:00:00Z,Buoy Line,8,12.2,10,29,0,33,26,0,15,0,9,0,6,4,5,0,2,12,5,2,0,0,0,0,0,1,0,0,0,0,0,0,0,120,0,60,24,29,7,0,0.5,0.2,0.24166666666666667,0.058333333333333334,0
2025-08-01T00:00:00Z,Casablanca,10,5,4.3,29,4,22,14,0,8,0,1,0,2,1,12,3,0,4,3,0,0,0,0,0,0,45,0,1,0,0,0,0,0,120,0,86,9,22,3,0,0.7166666666666667,0.075,0.18333333333333332,0.025,0
2025-08-04T00:00:00Z,Casablanca,9,6.5,5.9,28,3,14,33,0,11,0,2,0,16,0,9,7,9,4,2,0,0,0,1,0,0,8,0,1,0,0,0,0,0,120,0,59,13,45,3,0,0.49166666666666664,0.10833333333333334,0.375,0.025,0
2025-08-05T00:00:00Z,Grandmas Garden,8,9,7,29,13,6,49,3,15,0,2,0,5,0,3,5,5,5,9,0,0,0,0,0,0,0,0,0,0,0,0,0,0,120,0,71,17,23,9,0,0.5916666666666667,0.14166666666666666,0.19166666666666668,0.075,0
2025-08-05T00:00:00Z,Pandora,12,13.2,12.8,29,2,20,28,1,14,0,9,0,11,0,9,2,2,12,6,1,0,0,0,1,0,2,0,0,0,0,0,0,0,120,0,53,23,36,8,0,0.44166666666666665,0.19166666666666668,0.3,0.06666666666666667,0
2025-08-06T00:00:00Z,Casablanca,16,6.5,7.5,29,2,24,27,2,9,0,2,0,7,1,22,3,4,2,8,1,0,2,0,0,0,4,0,0,0,0,0,0,0,120,0,59,11,39,11,0,0.49166666666666664,0.09166666666666666,0.325,0.09166666666666666,0
2025-08-06T00:00:00Z,Casablanca,16,6.1,7.3,29,0,19,40,0,8,0,2,0,10,0,20,0,0,3,2,5,0,0,0,0,0,10,0,0,0,0,1,0,0,120,0,70,10,33,7,0,0.5833333333333334,0.08333333333333333,0.275,0.058333333333333334,0
2025-08-06T00:00:00Z,Manuels Wall,8,12.6,11,29,0,20,25,1,20,0,4,0,2,1,19,8,4,6,4,2,0,2,0,0,0,0,1,0,0,0,0,0,1,120,1,47,24,40,8,1,0.39166666666666666,0.2,0.3333333333333333,0.06666666666666667,0.008333333333333333
2025-08-06T00:00:00Z,Manuels Wall,8,11.5,11.2,29,0,9,24,0,13,0,7,1,3,1,25,4,1,4,5,0,0,0,0,0,0,0,0,0,0,0,23,0,0,120,0,56,21,38,5,0,0.4666666666666667,0.175,0.31666666666666665,0.041666666666666664,0
2025-08-07T00:00:00Z,Buoy Line,10,11.2,11.5,29,0,14,12,1,9,0,1,0,0,5,16,5,0,5,0,1,0,0,0,0,0,1,0,0,0,0,50,0,0,120,0,78,10,31,1,0,0.65,0.08333333333333333,0.25833333333333336,0.008333333333333333,0
2025-08-07T00:00:00Z,Buoy Line,10,10.5,11.4,29,0,6,24,0,7,0,4,0,4,1,14,7,0,0,1,1,0,0,0,0,0,0,0,0,0,0,51,0,0,120,0,81,11,26,2,0,0.675,0.09166666666666666,0.21666666666666667,0.016666666666666666,0
2025-08-07T00:00:00Z,Casablanca,12,13,12.7,29,1,28,10,1,18,0,7,0,1,1,3,5,0,4,1,0,0,0,0,0,0,0,0,0,0,0,40,0,0,120,0,80,25,14,1,0,0.6666666666666666,0.20833333333333334,0.11666666666666667,0.008333333333333333,0
2025-08-07T00:00:00Z,Casablanca,12,10.6,11.6,29,0,9,24,0,26,0,9,0,7,0,6,3,0,1,8,0,0,0,0,0,0,0,0,0,0,0,26,0,1,120,1,59,35,17,8,1,0.49166666666666664,0.2916666666666667,0.14166666666666666,0.06666666666666667,0.008333333333333333
2025-08-08T00:00:00Z,Casablanca,11,7.8,7.1,29,0,16,34,1,13,0,1,0,2,0,26,3,4,5,10,0,0,1,0,0,0,3,0,0,0,0,1,0,0,120,0,55,14,40,11,0,0.4583333333333333,0.11666666666666667,0.3333333333333333,0.09166666666666666,0
2025-08-08T00:00:00Z,Casablanca,11,7.7,8,29,0,14,45,1,10,0,5,0,10,2,12,9,0,0,5,1,0,1,0,0,0,0,0,0,0,0,2,0,3,120,3,62,15,33,7,3,0.5166666666666667,0.125,0.275,0.058333333333333334,0.025
2025-08-08T00:00:00Z,Manuels Wall,15,10.3,10,29,1,21,14,0,5,0,0,0,2,3,36,3,0,2,3,1,0,0,0,0,0,6,0,0,1,0,22,0,0,120,0,65,5,46,4,0,0.5416666666666666,0.041666666666666664,0.38333333333333336,0.03333333333333333,0
2025-08-08T00:00:00Z,Manuels Wall,15,10.5,10.1,29,0,4,22,0,7,0,3,0,6,3,20,4,0,0,3,0,0,0,0,0,0,2,0,0,0,1,44,0,1,120,1,73,10,33,3,1,0.6083333333333333,0.08333333333333333,0.275,0.025,0.008333333333333333
2025-08-13T00:00:00Z,Buoy Line,9.8,11.9,11.9,30,0,31,14,4,10,0,0,0,20,1,4,8,2,1,0,0,0,0,0,0,1,3,0,3,0,0,18,0,0,120,0,73,10,36,1,0,0.6083333333333333,0.08333333333333333,0.3,0.008333333333333333,0
2025-08-13T00:00:00Z,Buoy Line,9.8,11.1,13.3,29,0,34,7,0,8,0,0,0,6,4,7,1,3,0,0,0,0,0,0,0,0,0,0,0,0,0,48,0,2,120,2,89,8,21,0,2,0.7416666666666667,0.06666666666666667,0.175,0,0.016666666666666666
2025-08-13T00:00:00Z,Casablanca,10.5,7.7,12.1,29,3,35,22,0,20,0,0,1,13,0,15,1,1,0,1,0,0,0,0,0,0,0,0,0,0,0,6,0,2,120,2,66,21,30,1,2,0.55,0.175,0.25,0.008333333333333333,0.016666666666666666
2025-08-13T00:00:00Z,Casablanca,10.5,13.2,13.2,30,0,53,14,5,2,1,8,5,5,0,9,3,7,2,4,1,0,0,0,0,0,0,0,1,0,0,0,0,0,120,0,73,16,26,5,0,0.6083333333333333,0.13333333333333333,0.21666666666666667,0.041666666666666664,0
2025-08-14T00:00:00Z,Manuels Wall,9,11.4,11.9,29,0,50,19,0,4,0,2,3,21,0,10,4,4,0,3,0,0,0,0,0,0,0,0,0,0,0,0,0,0,120,0,69,9,39,3,0,0.575,0.075,0.325,0.025,0
2025-08-14T00:00:00Z,Manuels Wall,9,12.2,10.1,30,0,24,23,0,6,0,1,0,17,1,14,4,2,0,1,0,0,1,0,0,0,1,0,0,0,0,25,0,0,120,0,73,7,38,2,0,0.6083333333333333,0.058333333333333334,0.31666666666666665,0.016666666666666666,0
2025-08-14T00:00:00Z,Pandora,11.9,10.7,12.3,30,0,34,15,1,13,1,9,11,5,0,4,11,1,0,7,2,0,0,0,0,0,2,0,0,0,0,4,0,0,120,0,56,34,21,9,0,0.4666666666666667,0.2833333333333333,0.175,0.075,0
2025-08-14T00:00:00Z,Pandora,11.9,12.6,15.5,29,0,14,12,0,19,0,14,0,7,0,5,13,1,0,1,3,0,0,1,1,0,0,0,0,0,0,29,0,0,120,0,55,33,26,6,0,0.4583333333333333,0.275,0.21666666666666667,0.05,0
2025-08-15T00:00:00Z,Buoy Line,9.2,13.6,15.8,29,6,21,5,0,9,0,0,0,0,1,14,0,2,5,1,1,0,0,0,0,0,0,0,0,0,0,55,0,0,120,0,87,9,22,2,0,0.725,0.075,0.18333333333333332,0.016666666666666666,0
2025-08-15T00:00:00Z,Buoy Line,9.2,8.2,16.6,29,0,54,7,3,7,0,3,3,10,1,10,2,0,0,4,0,0,2,0,0,0,3,0,0,0,0,11,0,0,120,0,78,13,23,6,0,0.65,0.10833333333333334,0.19166666666666668,0.05,0
2025-08-15T00:00:00Z,Casablanca,10.6,11.4,14.9,29,0,28,10,0,10,0,15,5,3,3,0,16,0,0,2,0,0,0,0,0,0,0,0,0,0,0,28,0,0,120,0,66,30,22,2,0,0.55,0.25,0.18333333333333332,0.016666666666666666,0
2025-08-15T00:00:00Z,Casablanca,10.6,15.2,16.8,29,16,17,1,0,17,0,2,0,0,2,3,3,0,5,0,1,0,0,0,0,0,0,0,0,0,0,53,0,0,120,0,87,19,13,1,0,0.725,0.15833333333333333,0.10833333333333334,0.008333333333333333,0
2025-08-15T00:00:00Z,Casablanca,10.6,9,10.1,29,20,10,15,1,21,0,11,0,0,3,4,6,3,6,4,2,0,0,0,0,0,0,0,0,0,0,14,0,0,120,0,60,32,22,6,0,0.5,0.26666666666666666,0.18333333333333332,0.05,0
2025-08-15T00:00:00Z,Casablanca,10.6,11.6,15.8,29,0,72,1,1,12,0,12,3,1,1,2,4,0,0,7,1,0,0,0,0,0,0,1,0,0,0,2,0,0,120,0,77,27,8,8,0,0.6416666666666667,0.225,0.06666666666666667,0.06666666666666667,0
2025-08-18T00:00:00Z,Manuels Wall,8.7,12,10.2,29,0,8,3,0,27,0,3,3,30,6,6,12,2,0,4,6,0,0,0,0,0,0,0,0,1,0,9,0,0,120,0,21,33,56,10,0,0.175,0.275,0.4666666666666667,0.08333333333333333,0
2025-08-18T00:00:00Z,Manuels Wall,8.7,12.4,11.1,29,0,22,10,2,8,0,10,10,23,1,13,8,1,0,2,6,0,0,0,0,0,0,0,0,0,0,4,0,0,120,0,38,28,46,8,0,0.31666666666666665,0.23333333333333334,0.38333333333333336,0.06666666666666667,0
2025-08-19T00:00:00Z,Casablanca,13.8,8,7.8,30,0,17,30,1,6,0,9,0,22,2,4,9,0,2,12,1,0,1,0,0,0,0,0,0,0,0,4,0,0,120,0,52,15,39,14,0,0.43333333333333335,0.125,0.325,0.11666666666666667,0
2025-08-19T00:00:00Z,Casablanca,13.8,8,6,30,0,44,29,0,8,0,4,0,15,2,3,1,7,0,7,0,0,0,0,0,0,0,0,0,0,0,0,0,0,120,0,73,12,28,7,0,0.6083333333333333,0.1,0.23333333333333334,0.058333333333333334,0
2025-08-19T00:00:00Z,Grandmas Garden,10.3,7.8,5.1,30,5,21,20,5,9,0,9,0,10,0,10,6,0,1,18,0,0,2,0,0,0,0,0,0,1,1,2,0,0,120,0,55,18,27,20,0,0.4583333333333333,0.15,0.225,0.16666666666666666,0
2025-08-19T00:00:00Z,Grandmas Garden,13.8,8,8,30,0,20,31,5,16,0,11,0,13,0,5,7,0,0,9,0,0,0,0,0,0,0,0,0,0,1,0,0,2,120,2,57,27,25,9,2,0.475,0.225,0.20833333333333334,0.075,0.016666666666666666
2025-08-21T00:00:00Z,Manuels Wall,15.5,11,12,30,0,35,17,0,15,0,1,0,30,3,3,7,2,0,1,0,0,0,3,0,0,0,0,0,0,0,1,0,2,120,2,53,16,45,4,2,0.44166666666666665,0.13333333333333333,0.375,0.03333333333333333,0.016666666666666666
2025-08-25T00:00:00Z,Casablanca,11.8,8.2,9,30,1,17,6,2,22,1,12,0,18,1,9,6,0,1,19,1,0,3,0,0,0,0,0,0,0,0,1,0,0,120,0,27,35,35,23,0,0.225,0.2916666666666667,0.2916666666666667,0.19166666666666668,0
2025-08-25T00:00:00Z,Grandmas Garden,11,7.8,6.9,30,0,17,12,3,16,0,8,2,9,1,10,6,3,3,28,0,0,1,0,0,0,0,0,0,0,0,1,0,0,120,0,33,26,32,29,0,0.275,0.21666666666666667,0.26666666666666666,0.24166666666666667,0
